<?xml version="1.0" encoding="utf-8"?><feed xmlns="http://www.w3.org/2005/Atom" ><generator uri="https://jekyllrb.com/" version="4.2.2">Jekyll</generator><link href="http://localhost:4000/feed.xml" rel="self" type="application/atom+xml" /><link href="http://localhost:4000/" rel="alternate" type="text/html" /><updated>2022-10-23T17:05:41-04:00</updated><id>http://localhost:4000/feed.xml</id><title type="html">Blog pour le travail de groupe IFT6758</title><subtitle>Write an awesome description for your new site here. You can edit this line in _config.yml. It will appear in your document head meta (for Google search results) and in your feed.xml site description.</subtitle><entry><title type="html">Welcome to Jekyll!</title><link href="http://localhost:4000/jekyll/update/2022/10/19/welcome-to-jekyll.html" rel="alternate" type="text/html" title="Welcome to Jekyll!" /><published>2022-10-19T22:57:28-04:00</published><updated>2022-10-19T22:57:28-04:00</updated><id>http://localhost:4000/jekyll/update/2022/10/19/welcome-to-jekyll</id><content type="html" xml:base="http://localhost:4000/jekyll/update/2022/10/19/welcome-to-jekyll.html"><![CDATA[<p>You’ll find this post in your <code class="language-plaintext highlighter-rouge">_posts</code> directory. Go ahead and edit it and re-build the site to see your changes. You can rebuild the site in many different ways, but the most common way is to run <code class="language-plaintext highlighter-rouge">jekyll serve</code>, which launches a web server and auto-regenerates your site when a file is updated.</p>

<p>Jekyll requires blog post files to be named according to the following format:</p>

<p><code class="language-plaintext highlighter-rouge">YEAR-MONTH-DAY-title.MARKUP</code></p>

<p>Where <code class="language-plaintext highlighter-rouge">YEAR</code> is a four-digit number, <code class="language-plaintext highlighter-rouge">MONTH</code> and <code class="language-plaintext highlighter-rouge">DAY</code> are both two-digit numbers, and <code class="language-plaintext highlighter-rouge">MARKUP</code> is the file extension representing the format used in the file. After that, include the necessary front matter. Take a look at the source for this post to get an idea about how it works.</p>

<p>Jekyll also offers powerful support for code snippets:</p>

<figure class="highlight"><pre><code class="language-ruby" data-lang="ruby"><span class="k">def</span> <span class="nf">print_hi</span><span class="p">(</span><span class="nb">name</span><span class="p">)</span>
  <span class="nb">puts</span> <span class="s2">"Hi, </span><span class="si">#{</span><span class="nb">name</span><span class="si">}</span><span class="s2">"</span>
<span class="k">end</span>
<span class="n">print_hi</span><span class="p">(</span><span class="s1">'Tom'</span><span class="p">)</span>
<span class="c1">#=&gt; prints 'Hi, Tom' to STDOUT.</span></code></pre></figure>

<p>Check out the <a href="https://jekyllrb.com/docs/home">Jekyll docs</a> for more info on how to get the most out of Jekyll. File all bugs/feature requests at <a href="https://github.com/jekyll/jekyll">Jekyll’s GitHub repo</a>. If you have questions, you can ask them on <a href="https://talk.jekyllrb.com/">Jekyll Talk</a>.</p>]]></content><author><name></name></author><category term="jekyll" /><category term="update" /><summary type="html"><![CDATA[You’ll find this post in your _posts directory. Go ahead and edit it and re-build the site to see your changes. You can rebuild the site in many different ways, but the most common way is to run jekyll serve, which launches a web server and auto-regenerates your site when a file is updated.]]></summary></entry><entry><title type="html">Milestone 1</title><link href="http://localhost:4000/2022/10/19/milestone-1.html" rel="alternate" type="text/html" title="Milestone 1" /><published>2022-10-19T00:00:00-04:00</published><updated>2022-10-19T00:00:00-04:00</updated><id>http://localhost:4000/2022/10/19/milestone-1</id><content type="html" xml:base="http://localhost:4000/2022/10/19/milestone-1.html"><![CDATA[<h2 id="question-1">Question 1</h2>

<p>…content…</p>

<h2 id="question-2">Question 2</h2>

<p>…content…</p>

<h2 id="question-4">Question 4</h2>

<h4 id="question-41">Question 4.1</h4>
<p><img src="/assets/Images/dfheadQ4.jpg" alt="title" /></p>]]></content><author><name></name></author><summary type="html"><![CDATA[Question 1]]></summary></entry></feed>