<?xml version="1.0" encoding="utf-8"?><feed xmlns="http://www.w3.org/2005/Atom" ><generator uri="https://jekyllrb.com/" version="4.2.2">Jekyll</generator><link href="http://localhost:4000/feed.xml" rel="self" type="application/atom+xml" /><link href="http://localhost:4000/" rel="alternate" type="text/html" /><updated>2022-10-23T20:50:11-04:00</updated><id>http://localhost:4000/feed.xml</id><title type="html">Blog pour le travail de groupe IFT6758</title><subtitle>Write an awesome description for your new site here. You can edit this line in _config.yml. It will appear in your document head meta (for Google search results) and in your feed.xml site description.</subtitle><entry><title type="html">Welcome to Jekyll!</title><link href="http://localhost:4000/jekyll/update/2022/10/19/welcome-to-jekyll.html" rel="alternate" type="text/html" title="Welcome to Jekyll!" /><published>2022-10-19T22:57:28-04:00</published><updated>2022-10-19T22:57:28-04:00</updated><id>http://localhost:4000/jekyll/update/2022/10/19/welcome-to-jekyll</id><content type="html" xml:base="http://localhost:4000/jekyll/update/2022/10/19/welcome-to-jekyll.html"><![CDATA[<p>You’ll find this post in your <code class="language-plaintext highlighter-rouge">_posts</code> directory. Go ahead and edit it and re-build the site to see your changes. You can rebuild the site in many different ways, but the most common way is to run <code class="language-plaintext highlighter-rouge">jekyll serve</code>, which launches a web server and auto-regenerates your site when a file is updated.</p>

<p>Jekyll requires blog post files to be named according to the following format:</p>

<p><code class="language-plaintext highlighter-rouge">YEAR-MONTH-DAY-title.MARKUP</code></p>

<p>Where <code class="language-plaintext highlighter-rouge">YEAR</code> is a four-digit number, <code class="language-plaintext highlighter-rouge">MONTH</code> and <code class="language-plaintext highlighter-rouge">DAY</code> are both two-digit numbers, and <code class="language-plaintext highlighter-rouge">MARKUP</code> is the file extension representing the format used in the file. After that, include the necessary front matter. Take a look at the source for this post to get an idea about how it works.</p>

<p>Jekyll also offers powerful support for code snippets:</p>

<figure class="highlight"><pre><code class="language-ruby" data-lang="ruby"><span class="k">def</span> <span class="nf">print_hi</span><span class="p">(</span><span class="nb">name</span><span class="p">)</span>
  <span class="nb">puts</span> <span class="s2">"Hi, </span><span class="si">#{</span><span class="nb">name</span><span class="si">}</span><span class="s2">"</span>
<span class="k">end</span>
<span class="n">print_hi</span><span class="p">(</span><span class="s1">'Tom'</span><span class="p">)</span>
<span class="c1">#=&gt; prints 'Hi, Tom' to STDOUT.</span></code></pre></figure>

<p>Check out the <a href="https://jekyllrb.com/docs/home">Jekyll docs</a> for more info on how to get the most out of Jekyll. File all bugs/feature requests at <a href="https://github.com/jekyll/jekyll">Jekyll’s GitHub repo</a>. If you have questions, you can ask them on <a href="https://talk.jekyllrb.com/">Jekyll Talk</a>.</p>]]></content><author><name></name></author><category term="jekyll" /><category term="update" /><summary type="html"><![CDATA[You’ll find this post in your _posts directory. Go ahead and edit it and re-build the site to see your changes. You can rebuild the site in many different ways, but the most common way is to run jekyll serve, which launches a web server and auto-regenerates your site when a file is updated.]]></summary></entry><entry><title type="html">Milestone 1</title><link href="http://localhost:4000/2022/10/19/milestone-1.html" rel="alternate" type="text/html" title="Milestone 1" /><published>2022-10-19T00:00:00-04:00</published><updated>2022-10-19T00:00:00-04:00</updated><id>http://localhost:4000/2022/10/19/milestone-1</id><content type="html" xml:base="http://localhost:4000/2022/10/19/milestone-1.html"><![CDATA[<h2 id="question-1">Question 1</h2>

<p>…content…</p>

<h2 id="question-2">Question 2</h2>

<p>…content…</p>

<h2 id="question-4">Question 4</h2>

<h4 id="question-41">Question 4.1</h4>

<p><img src="/assets/Images/dfheadQ4.jpg" alt="title" /></p>

<p>10 premières lignes du Dataframe créé par la question 4</p>

<h4 id="question-42">Question 4.2</h4>

<p>Pour établir la force réelle d’un jeu, une nouvelle méthode pourrait être créée. Celle-ci prendrait en entrée le Dataframe brut de la partie et le ‘eventID’ du jeu pour lequel on veut déterminer la force. 
La fonction déclare une liste de deux éléments représentant le nombre de joueurs actifs pour chaque équipe ((5,5) par défault) où le premier élement est le nombre de joueur de l’équipe du jeu évalué, et le deuxième l’équipe adverse. 
La fonction pourrait tout d’abord comparer le numéro de l’‘eventID’ à tous les ‘eventID’s des ‘penaltyPlays’ (accessible en faisant un loop sur tous les valeurs dans df[‘liveData’][‘plays’][‘penaltyPlays’]).
Si l’‘eventID’ d’un jeu de pénalité est inférieur à celui du jeu que la fonction évalue, la fonction irait vérifier si la pénalité était active durant le jeu évalué.</p>

<p>Pour ce faire, en premier lieu, la fonction ajouterait au temps de la période du jeu de pénalité le temps de la pénalité en question (accessible respectivement à df[‘liveData’][‘plays’][‘allPlays’][eventID du jeu de pénalité][‘about’][‘periodTime’] et df[‘liveData’][‘plays’][‘allPlays’][eventID du jeu de pénalité][‘result’][‘penaltyMinutes’]).
Ensuite, la fonction comparerait le temps à lequel le jeu évalué s’est produit. Si le temps de la fin de la pénalité est plus grand que le temps à lequel le jeu évalué s’est produit, on va récupérer quelle équipe a subit une perte (accessible à df[‘liveData’][‘plays’][‘allPlays’][eventID du jeu de pénalité][‘team’][‘triCode’]).
Si l’équipe ayant subit la pénalité est la même que l’équipe du jeu évalué par la fonction, on soustrait 1 à la valeur du premier élément de la liste de joueurs. Sinon, on soustrait 1 au deuxième élément de la liste.
On répète cela pour tous les jeux de pénalité s’étant produits avant le jeu évalué, et on retourne la liste contenant le nombre de joueurs actifs au moment du jeu évalué.</p>

<h4 id="question-43">Question 4.3</h4>

<p>Il serait possible de déterminer plusieurs charactéristiques supplémentaires pour chaque jeu du Dataframe. 
Par exemple, on pourrait évalué si un tir ou un but est un rebond en regardant les jeux le précédants. Si dans l’évènement précédant un tir ou un but dans le dataframe brut est un tir au but fait par la même équipe et que les deux évènements ne sont séparés que par quelques secondes, on peut conclure qu’il s’agit en effet d’un rebond.
On pourrait aussi regarder si un joueur marquant un but complète un tour du chapeau (3 buts en une seule partie). Pour établir cela, on regarde tous les buts de la partie ayant eu lieu avant celui évalué, et on compte combien de buts on été marqués par le joueur. Si c’est le 3e but du joueur pour cette partie, on indique True, sinon False.
Finalement, on pourrait déterminer si un tir est dans le rush. Pour accomplir ça, on regarde dans le dataframe brut le jeu précédant celui qu’on tente d’évaluer. Si le jeu précédant est moins de 4 secondes avant le jeu évalué et qu’il s’agit d’un jeu de type ‘giveaway’ ou ‘takeway’, on peut conclure que le jeu évalué est dans le rush.
Si un jeu s’est produit dans les 4 secondes précédant mais d’un autre type que ‘takeaway’ ou ‘giveaway’, on compare les coordonnées des deux jeux. Si le premier jeu était dans la zone défensive d’une équipe et que le deuxième était dans la zone offensive et que moins de 4 secondes séparent les deux jeux, le jeu évalué est considéré comme étant dans le rush.
Autrement, le jeu n’est pas dans le rush.</p>

<h2 id="question-5">Question 5</h2>

<h4 id="question-51">Question 5.1</h4>

<h4 id="question-52">Question 5.2</h4>

<p><img src="/assets/Images/barplot18-19Q5.png" alt="title" /></p>

<p>Graphique à barre montrant la probabilité qu’un tir au but soit un but étant donné la distance à partir de laquelle le tir a été fait pour la saison 2018-2019.
Pour la saison 2018-2019, on peut voir que la probabilité suit une tendance ressemblant à une relation inversement proportionnelle avec la distance au but. Donc plus le tir a été fait près 
du but, plus grande est la chance que la rondelle entre dans le filet et marque un point. Lorsqu’un tir est fait depuis une distance supérieure à 40 pieds du but, les chances que ce tir 
soit un but sont en général très faible (moins de 5%).</p>

<p><img src="/assets/Images/barplot19-20Q5.png" alt="title" /></p>

<p>Graphique à barre montrant la probabilité qu’un tir au but soit un but étant donné la distance à partir de laquelle le tir a été fait pour la saison 2019-2020.
Pour la saison 2019-2020, on peut voir que la probabilité suit une tendance ressemblant à une relation inversement proportionnelle avec la distance au but comme pour l’année précédante. 
Cependant, pour cette saison-ci, la probabilité qu’un tir devienne un but lorsque fait depuis une distance de 135 à 190 pieds est considérable (jusqu’à près de 15%!).</p>

<p><img src="/assets/Images/barplot20-21Q5.png" alt="title" />
Graphique à barre montrant la probabilité qu’un tir au but soit un but étant donné la distance à partir de laquelle le tir a été fait pour la saison 2020-2021.
Pour la saison 2020-2021, on peut voir que la probabilité suit une tendance ressemblant à une relation inversement proportionnelle avec la distance au but.
Lorsqu’un tir est fait depuis une distance supérieure à 40 pieds du but, les chances que ce tir soit un but sont en général très faible (moins de 5%, mais près de 10% pour les intervalles
[85,90[ et [165,170[).</p>

<p>Durant ces trois saisons, la probabilité de marquer un but en fonction de la distance à partir duquelle le tir a été fait semblent suivre une raltion inversement proportionnelle dans tous les cas, avec peu de changement en général. 
Une importante distinction est que, toutefois, pour la saison 2019-2020, les tirs fait entre environ 135 à 190 pieds du but ont une chance considérable d’entrer dans le filet (jusqu’à près de 15%), ce qui n’est pas le cas pour les deux autres saisons. 
Pour cette question, j’ai choisi d’utiliser des graphiques à barre car ils sont très simples à interpréter, mais surtout, à comparer entre saisons. Comme l’axe des x était la distance, soit
une variable continue, les données ont été groupées en intervalles de 5 pieds pour permettre une visualisation simple de l’impact de la distance sur la probabilité de marquer un point.
Le graphique à barre permet de ne pas avoir trop de points aberrants, qui rendent la lisibilité et interpretation d’un graphique beaucoup plus complexe.</p>

<h4 id="question-53">Question 5.3</h4>]]></content><author><name></name></author><summary type="html"><![CDATA[Question 1]]></summary></entry></feed>